,number,value,datetime_start,datetime_complete,duration,params_max_depth,params_min_samples_leaf,params_min_samples_split,params_n_estimators,state
0,0,8.503436151775304,2024-11-03 17:18:01.533158,2024-11-03 17:18:05.333373,0 days 00:00:03.800215,10,1,3,126,COMPLETE
1,1,8.75047291354358,2024-11-03 17:18:01.542081,2024-11-03 17:18:04.951599,0 days 00:00:03.409518,14,1,4,110,COMPLETE
2,2,9.104406391752386,2024-11-03 17:18:01.612565,2024-11-03 17:18:05.448816,0 days 00:00:03.836251,12,1,5,187,COMPLETE
3,3,8.608245563395412,2024-11-03 17:18:01.619536,2024-11-03 17:18:05.491944,0 days 00:00:03.872408,20,1,3,159,COMPLETE
4,4,9.973030180416986,2024-11-03 17:18:01.626063,2024-11-03 17:18:05.374548,0 days 00:00:03.748485,11,2,3,191,COMPLETE
5,5,9.72684448977636,2024-11-03 17:18:01.633503,2024-11-03 17:18:05.204541,0 days 00:00:03.571038,20,2,2,156,COMPLETE
6,6,8.91566208930648,2024-11-03 17:18:01.723359,2024-11-03 17:18:05.421159,0 days 00:00:03.697800,15,1,2,161,COMPLETE
7,7,9.930509521306304,2024-11-03 17:18:01.743022,2024-11-03 17:18:05.469564,0 days 00:00:03.726542,14,2,4,185,COMPLETE
8,8,7.876162537448618,2024-11-03 17:18:05.007820,2024-11-03 17:18:07.186502,0 days 00:00:02.178682,10,1,2,101,COMPLETE
9,9,8.468755545477865,2024-11-03 17:18:05.228792,2024-11-03 17:18:07.638960,0 days 00:00:02.410168,16,1,2,123,COMPLETE
10,10,8.720783212267888,2024-11-03 17:18:05.361529,2024-11-03 17:18:07.973013,0 days 00:00:02.611484,11,1,4,158,COMPLETE
11,11,8.866701075031633,2024-11-03 17:18:05.410182,2024-11-03 17:18:08.313475,0 days 00:00:02.903293,13,1,4,198,COMPLETE
12,12,9.190015281860688,2024-11-03 17:18:05.440382,2024-11-03 17:18:08.307597,0 days 00:00:02.867215,17,2,5,102,COMPLETE
13,13,8.888481953706115,2024-11-03 17:18:05.460616,2024-11-03 17:18:08.240709,0 days 00:00:02.780093,13,1,3,168,COMPLETE
14,14,9.881026790486844,2024-11-03 17:18:05.478496,2024-11-03 17:18:08.239030,0 days 00:00:02.760534,10,2,4,200,COMPLETE
15,15,9.138436819604296,2024-11-03 17:18:05.499935,2024-11-03 17:18:08.277251,0 days 00:00:02.777316,17,2,5,101,COMPLETE
16,16,8.83128309940674,2024-11-03 17:18:07.195940,2024-11-03 17:18:09.437484,0 days 00:00:02.241544,17,1,2,132,COMPLETE
17,17,8.557772030975455,2024-11-03 17:18:07.659821,2024-11-03 17:18:09.789473,0 days 00:00:02.129652,18,1,2,123,COMPLETE
18,18,8.815451892770897,2024-11-03 17:18:08.016156,2024-11-03 17:18:10.264637,0 days 00:00:02.248481,15,1,2,140,COMPLETE
19,19,8.294620636538937,2024-11-03 17:18:08.260140,2024-11-03 17:18:10.734661,0 days 00:00:02.474521,16,1,2,114,COMPLETE
20,20,8.397189032655444,2024-11-03 17:18:08.265436,2024-11-03 17:18:11.824208,0 days 00:00:03.558772,19,1,3,142,COMPLETE
21,21,8.327660998620237,2024-11-03 17:18:08.288894,2024-11-03 17:18:10.708068,0 days 00:00:02.419174,16,1,2,113,COMPLETE
22,22,8.327660998620237,2024-11-03 17:18:08.322485,2024-11-03 17:18:10.747215,0 days 00:00:02.424730,16,1,2,113,COMPLETE
23,23,8.327660998620237,2024-11-03 17:18:08.326511,2024-11-03 17:18:10.768552,0 days 00:00:02.442041,16,1,2,113,COMPLETE
24,24,8.518685746757882,2024-11-03 17:18:09.447716,2024-11-03 17:18:11.737321,0 days 00:00:02.289605,18,1,3,138,COMPLETE
25,25,8.480513522940505,2024-11-03 17:18:09.798198,2024-11-03 17:18:12.242943,0 days 00:00:02.444745,15,1,2,106,COMPLETE
26,26,8.233096521882132,2024-11-03 17:18:10.298551,2024-11-03 17:18:13.220169,0 days 00:00:02.921618,14,1,2,117,COMPLETE
27,27,8.233096521882132,2024-11-03 17:18:10.725727,2024-11-03 17:18:13.276824,0 days 00:00:02.551097,14,1,2,117,COMPLETE
28,28,8.381536891906654,2024-11-03 17:18:10.750252,2024-11-03 17:18:13.347275,0 days 00:00:02.597023,14,1,2,120,COMPLETE
29,29,8.24575381656953,2024-11-03 17:18:10.760936,2024-11-03 17:18:13.316722,0 days 00:00:02.555786,14,1,2,118,COMPLETE
30,30,8.24575381656953,2024-11-03 17:18:10.776512,2024-11-03 17:18:13.316398,0 days 00:00:02.539886,14,1,2,118,COMPLETE
31,31,8.803749404236722,2024-11-03 17:18:11.748275,2024-11-03 17:18:13.986341,0 days 00:00:02.238066,12,1,3,131,COMPLETE
32,32,8.687167245974411,2024-11-03 17:18:11.833492,2024-11-03 17:18:14.125859,0 days 00:00:02.292367,12,1,3,127,COMPLETE
33,33,8.11312798620937,2024-11-03 17:18:12.252620,2024-11-03 17:18:14.408764,0 days 00:00:02.156144,13,1,2,107,COMPLETE
34,34,8.27665929844328,2024-11-03 17:18:13.241334,2024-11-03 17:18:15.551083,0 days 00:00:02.309749,13,1,3,107,COMPLETE
35,35,8.27665929844328,2024-11-03 17:18:13.294265,2024-11-03 17:18:15.630189,0 days 00:00:02.335924,13,1,3,107,COMPLETE
36,36,8.26226756629983,2024-11-03 17:18:13.330639,2024-11-03 17:18:15.747926,0 days 00:00:02.417287,13,1,3,106,COMPLETE
37,37,8.27665929844328,2024-11-03 17:18:13.334604,2024-11-03 17:18:15.784347,0 days 00:00:02.449743,13,1,3,107,COMPLETE
38,38,8.27665929844328,2024-11-03 17:18:13.355482,2024-11-03 17:18:15.789623,0 days 00:00:02.434141,13,1,3,107,COMPLETE
39,39,9.800478244662608,2024-11-03 17:18:13.997077,2024-11-03 17:18:16.592684,0 days 00:00:02.595607,10,2,2,146,COMPLETE
40,40,9.11394599147195,2024-11-03 17:18:14.136248,2024-11-03 17:18:16.688877,0 days 00:00:02.552629,10,2,2,100,COMPLETE
41,41,9.744891309441764,2024-11-03 17:18:14.418437,2024-11-03 17:18:16.660122,0 days 00:00:02.241685,10,2,2,149,COMPLETE
42,42,8.386783831641468,2024-11-03 17:18:15.571603,2024-11-03 17:18:18.594803,0 days 00:00:03.023200,12,1,2,124,COMPLETE
43,43,8.233096521882132,2024-11-03 17:18:15.647008,2024-11-03 17:18:18.055258,0 days 00:00:02.408250,14,1,2,117,COMPLETE
44,44,8.571798959371765,2024-11-03 17:18:15.760439,2024-11-03 17:18:18.133246,0 days 00:00:02.372807,14,1,2,129,COMPLETE
45,45,8.536278267312706,2024-11-03 17:18:15.798785,2024-11-03 17:18:18.280526,0 days 00:00:02.481741,11,1,2,129,COMPLETE
46,46,8.24575381656953,2024-11-03 17:18:15.802894,2024-11-03 17:18:18.121130,0 days 00:00:02.318236,14,1,2,118,COMPLETE
47,47,8.819531452430041,2024-11-03 17:18:16.606011,2024-11-03 17:18:19.023450,0 days 00:00:02.417439,15,1,2,135,COMPLETE
48,48,8.819531452430041,2024-11-03 17:18:16.671135,2024-11-03 17:18:19.046489,0 days 00:00:02.375354,15,1,2,135,COMPLETE
49,49,8.885145406538248,2024-11-03 17:18:16.697486,2024-11-03 17:18:19.131007,0 days 00:00:02.433521,15,1,2,170,COMPLETE
50,50,8.364954689448405,2024-11-03 17:18:18.068690,2024-11-03 17:18:20.295617,0 days 00:00:02.226927,11,1,5,102,COMPLETE
51,51,8.44298621517313,2024-11-03 17:18:18.136294,2024-11-03 17:18:20.360649,0 days 00:00:02.224355,11,1,5,103,COMPLETE
52,52,7.996776137365491,2024-11-03 17:18:18.147148,2024-11-03 17:18:20.343960,0 days 00:00:02.196812,11,1,2,100,COMPLETE
53,53,8.100932008735315,2024-11-03 17:18:18.290206,2024-11-03 17:18:20.551975,0 days 00:00:02.261769,12,1,2,111,COMPLETE
54,54,8.13631791826886,2024-11-03 17:18:18.604287,2024-11-03 17:18:20.821184,0 days 00:00:02.216897,12,1,2,110,COMPLETE
55,55,8.100932008735315,2024-11-03 17:18:19.039456,2024-11-03 17:18:21.255287,0 days 00:00:02.215831,12,1,2,111,COMPLETE
56,56,8.100932008735315,2024-11-03 17:18:19.056655,2024-11-03 17:18:21.318757,0 days 00:00:02.262102,12,1,2,111,COMPLETE
57,57,8.13631791826886,2024-11-03 17:18:19.140144,2024-11-03 17:18:21.336026,0 days 00:00:02.195882,12,1,2,110,COMPLETE
58,58,8.170643338033031,2024-11-03 17:18:20.317235,2024-11-03 17:18:22.546077,0 days 00:00:02.228842,11,1,4,100,COMPLETE
59,59,8.17760778737666,2024-11-03 17:18:20.355333,2024-11-03 17:18:22.564424,0 days 00:00:02.209091,11,1,2,104,COMPLETE
60,60,8.116089896398964,2024-11-03 17:18:20.403972,2024-11-03 17:18:22.898230,0 days 00:00:02.494258,10,1,2,112,COMPLETE
61,61,8.154505715980493,2024-11-03 17:18:20.561790,2024-11-03 17:18:22.759553,0 days 00:00:02.197763,10,1,2,113,COMPLETE
62,62,8.13631791826886,2024-11-03 17:18:20.830556,2024-11-03 17:18:22.968330,0 days 00:00:02.137774,12,1,2,110,COMPLETE
63,63,8.351803190759735,2024-11-03 17:18:21.269082,2024-11-03 17:18:23.694459,0 days 00:00:02.425377,11,1,2,122,COMPLETE
64,64,8.351803190759735,2024-11-03 17:18:21.329737,2024-11-03 17:18:23.697001,0 days 00:00:02.367264,11,1,2,122,COMPLETE
65,65,8.351803190759735,2024-11-03 17:18:21.343936,2024-11-03 17:18:23.670106,0 days 00:00:02.326170,11,1,2,122,COMPLETE
66,66,8.018569508795785,2024-11-03 17:18:22.557572,2024-11-03 17:18:25.119900,0 days 00:00:02.562328,10,1,2,104,COMPLETE
67,67,8.200313142875817,2024-11-03 17:18:22.583470,2024-11-03 17:18:24.855957,0 days 00:00:02.272487,10,1,2,110,COMPLETE
68,68,8.200313142875817,2024-11-03 17:18:22.769859,2024-11-03 17:18:25.042340,0 days 00:00:02.272481,10,1,2,110,COMPLETE
69,69,8.018569508795785,2024-11-03 17:18:22.908772,2024-11-03 17:18:25.127331,0 days 00:00:02.218559,10,1,2,104,COMPLETE
70,70,8.042692019269431,2024-11-03 17:18:22.977431,2024-11-03 17:18:25.369246,0 days 00:00:02.391815,10,1,2,105,COMPLETE
71,71,8.018569508795785,2024-11-03 17:18:23.683509,2024-11-03 17:18:25.912639,0 days 00:00:02.229130,10,1,2,104,COMPLETE
72,72,8.018569508795785,2024-11-03 17:18:23.713524,2024-11-03 17:18:26.715776,0 days 00:00:03.002252,10,1,2,104,COMPLETE
73,73,7.970394137026483,2024-11-03 17:18:23.717030,2024-11-03 17:18:26.203456,0 days 00:00:02.486426,10,1,2,103,COMPLETE
74,74,8.018569508795785,2024-11-03 17:18:24.866234,2024-11-03 17:18:27.172079,0 days 00:00:02.305845,10,1,2,104,COMPLETE
75,75,8.018569508795785,2024-11-03 17:18:25.056051,2024-11-03 17:18:27.245371,0 days 00:00:02.189320,10,1,2,104,COMPLETE
76,76,7.827078099812534,2024-11-03 17:18:25.136146,2024-11-03 17:18:27.434303,0 days 00:00:02.298157,10,1,2,100,COMPLETE
77,77,8.532125197039727,2024-11-03 17:18:25.140417,2024-11-03 17:18:27.394595,0 days 00:00:02.254178,10,1,4,100,COMPLETE
78,78,8.503515318889834,2024-11-03 17:18:25.378412,2024-11-03 17:18:28.108816,0 days 00:00:02.730404,10,1,2,177,COMPLETE
79,79,8.497042795074442,2024-11-03 17:18:25.922290,2024-11-03 17:18:28.293185,0 days 00:00:02.370895,10,1,2,180,COMPLETE
80,80,7.9027639266503344,2024-11-03 17:18:26.213660,2024-11-03 17:18:28.353229,0 days 00:00:02.139569,10,1,3,102,COMPLETE
81,81,8.096179812912384,2024-11-03 17:18:26.724682,2024-11-03 17:18:28.869294,0 days 00:00:02.144612,11,1,3,100,COMPLETE
82,82,8.172356364667156,2024-11-03 17:18:27.183129,2024-11-03 17:18:30.223434,0 days 00:00:03.040305,11,1,3,102,COMPLETE
83,83,7.9027639266503344,2024-11-03 17:18:27.258213,2024-11-03 17:18:29.402685,0 days 00:00:02.144472,10,1,3,102,COMPLETE
84,84,7.9027639266503344,2024-11-03 17:18:27.405994,2024-11-03 17:18:29.522458,0 days 00:00:02.116464,10,1,3,102,COMPLETE
85,85,8.5708597317554,2024-11-03 17:18:27.443136,2024-11-03 17:18:30.552170,0 days 00:00:03.109034,11,1,3,115,COMPLETE
86,86,8.172356364667156,2024-11-03 17:18:28.120412,2024-11-03 17:18:30.328631,0 days 00:00:02.208219,11,1,3,102,COMPLETE
87,87,8.172356364667156,2024-11-03 17:18:28.304215,2024-11-03 17:18:30.486314,0 days 00:00:02.182099,11,1,3,102,COMPLETE
88,88,8.170038429595026,2024-11-03 17:18:28.362690,2024-11-03 17:18:30.587678,0 days 00:00:02.224988,10,1,3,115,COMPLETE
89,89,9.226342560817262,2024-11-03 17:18:28.878411,2024-11-03 17:18:31.313610,0 days 00:00:02.435199,10,2,3,108,COMPLETE
90,90,8.755928582261326,2024-11-03 17:18:29.413319,2024-11-03 17:18:31.608790,0 days 00:00:02.195471,10,1,4,106,COMPLETE
91,91,8.785365291881444,2024-11-03 17:18:29.532201,2024-11-03 17:18:31.682474,0 days 00:00:02.150273,10,1,4,108,COMPLETE
92,92,7.9027639266503344,2024-11-03 17:18:30.247609,2024-11-03 17:18:32.978372,0 days 00:00:02.730763,10,1,3,102,COMPLETE
93,93,8.053630817048738,2024-11-03 17:18:30.340458,2024-11-03 17:18:32.476737,0 days 00:00:02.136279,10,1,3,105,COMPLETE
94,94,7.813015262639831,2024-11-03 17:18:30.515679,2024-11-03 17:18:32.978026,0 days 00:00:02.462347,10,1,3,100,COMPLETE
95,95,7.813015262639831,2024-11-03 17:18:30.562899,2024-11-03 17:18:32.956591,0 days 00:00:02.393692,10,1,3,100,COMPLETE
96,96,7.9027639266503344,2024-11-03 17:18:30.596425,2024-11-03 17:18:32.993619,0 days 00:00:02.397194,10,1,3,102,COMPLETE
97,97,8.499536058718393,2024-11-03 17:18:31.322720,2024-11-03 17:18:34.044787,0 days 00:00:02.722067,10,1,3,192,COMPLETE
98,98,8.420438382169225,2024-11-03 17:18:31.619025,2024-11-03 17:18:34.118342,0 days 00:00:02.499317,10,1,3,156,COMPLETE
99,99,8.134829897812203,2024-11-03 17:18:31.691057,2024-11-03 17:18:34.153814,0 days 00:00:02.462757,10,1,3,108,COMPLETE
100,100,7.6598909407108575,2024-11-03 17:18:38.255408,2024-11-03 17:18:44.135131,0 days 00:00:05.879723,20,1,3,100,COMPLETE
101,101,7.6598909407108575,2024-11-03 17:18:38.259105,2024-11-03 17:18:43.722703,0 days 00:00:05.463598,20,1,3,100,COMPLETE
102,102,8.096179812912384,2024-11-03 17:18:38.261007,2024-11-03 17:18:43.650575,0 days 00:00:05.389568,11,1,3,100,COMPLETE
103,103,8.172356364667156,2024-11-03 17:18:38.265393,2024-11-03 17:18:44.128366,0 days 00:00:05.862973,11,1,3,102,COMPLETE
104,104,8.172356364667156,2024-11-03 17:18:38.267746,2024-11-03 17:18:43.819998,0 days 00:00:05.552252,11,1,3,102,COMPLETE
105,105,7.585211088170357,2024-11-03 17:18:38.309511,2024-11-03 17:18:43.230046,0 days 00:00:04.920535,19,1,3,100,COMPLETE
106,106,8.096179812912384,2024-11-03 17:18:38.312812,2024-11-03 17:18:43.743843,0 days 00:00:05.431031,11,1,3,100,COMPLETE
107,107,7.681371884096088,2024-11-03 17:18:38.315086,2024-11-03 17:18:43.720033,0 days 00:00:05.404947,19,1,3,102,COMPLETE
108,108,8.096179812912384,2024-11-03 17:18:38.318265,2024-11-03 17:18:43.849702,0 days 00:00:05.531437,11,1,3,100,COMPLETE
109,109,8.096179812912384,2024-11-03 17:18:38.321053,2024-11-03 17:18:44.055716,0 days 00:00:05.734663,11,1,3,100,COMPLETE
110,110,7.585211088170357,2024-11-03 17:18:38.326269,2024-11-03 17:18:44.155112,0 days 00:00:05.828843,19,1,3,100,COMPLETE
111,111,7.585211088170357,2024-11-03 17:18:38.329761,2024-11-03 17:18:43.510722,0 days 00:00:05.180961,19,1,3,100,COMPLETE
112,112,8.172356364667156,2024-11-03 17:18:38.335311,2024-11-03 17:18:43.537676,0 days 00:00:05.202365,11,1,3,102,COMPLETE
113,113,8.096179812912384,2024-11-03 17:18:38.338232,2024-11-03 17:18:43.329634,0 days 00:00:04.991402,11,1,3,100,COMPLETE
114,114,7.6598909407108575,2024-11-03 17:18:38.345951,2024-11-03 17:18:43.609514,0 days 00:00:05.263563,20,1,3,100,COMPLETE
115,115,7.6598909407108575,2024-11-03 17:18:38.350044,2024-11-03 17:18:44.137551,0 days 00:00:05.787507,20,1,3,100,COMPLETE
116,116,8.096179812912384,2024-11-03 17:18:38.352185,2024-11-03 17:18:44.120465,0 days 00:00:05.768280,11,1,3,100,COMPLETE
117,117,7.755207513580683,2024-11-03 17:18:38.355508,2024-11-03 17:18:44.135160,0 days 00:00:05.779652,20,1,3,102,COMPLETE
118,118,7.585211088170357,2024-11-03 17:18:38.411173,2024-11-03 17:18:44.142353,0 days 00:00:05.731180,19,1,3,100,COMPLETE
119,119,8.096179812912384,2024-11-03 17:18:38.417102,2024-11-03 17:18:43.423056,0 days 00:00:05.005954,11,1,3,100,COMPLETE
120,120,8.096179812912384,2024-11-03 17:18:38.418960,2024-11-03 17:18:43.714554,0 days 00:00:05.295594,11,1,3,100,COMPLETE
121,121,8.096179812912384,2024-11-03 17:18:38.420818,2024-11-03 17:18:43.636411,0 days 00:00:05.215593,11,1,3,100,COMPLETE
122,122,7.6598909407108575,2024-11-03 17:18:38.424564,2024-11-03 17:18:43.935917,0 days 00:00:05.511353,20,1,3,100,COMPLETE
123,123,8.172356364667156,2024-11-03 17:18:38.426865,2024-11-03 17:18:44.111883,0 days 00:00:05.685018,11,1,3,102,COMPLETE
124,124,7.924299003394221,2024-11-03 17:18:43.531707,2024-11-03 17:18:46.519554,0 days 00:00:02.987847,20,1,3,106,COMPLETE
125,125,7.924299003394221,2024-11-03 17:18:43.546490,2024-11-03 17:18:47.435755,0 days 00:00:03.889265,20,1,3,106,COMPLETE
126,126,7.941152772293891,2024-11-03 17:18:43.630142,2024-11-03 17:18:47.722708,0 days 00:00:04.092566,20,1,3,107,COMPLETE
127,127,7.941152772293891,2024-11-03 17:18:43.732262,2024-11-03 17:18:48.013292,0 days 00:00:04.281030,20,1,3,107,COMPLETE
128,128,7.941152772293891,2024-11-03 17:18:43.748372,2024-11-03 17:18:48.543221,0 days 00:00:04.794849,20,1,3,107,COMPLETE
129,129,7.924299003394221,2024-11-03 17:18:43.828182,2024-11-03 17:18:48.434132,0 days 00:00:04.605950,20,1,3,106,COMPLETE
130,130,7.924299003394221,2024-11-03 17:18:43.836403,2024-11-03 17:18:48.424739,0 days 00:00:04.588336,20,1,3,106,COMPLETE
131,131,7.924299003394221,2024-11-03 17:18:43.843628,2024-11-03 17:18:47.722859,0 days 00:00:03.879231,20,1,3,106,COMPLETE
132,132,7.924299003394221,2024-11-03 17:18:43.915522,2024-11-03 17:18:48.209144,0 days 00:00:04.293622,20,1,3,106,COMPLETE
133,133,7.924299003394221,2024-11-03 17:18:43.919865,2024-11-03 17:18:49.336155,0 days 00:00:05.416290,20,1,3,106,COMPLETE
134,134,7.924299003394221,2024-11-03 17:18:43.943127,2024-11-03 17:18:48.837220,0 days 00:00:04.894093,20,1,3,106,COMPLETE
135,135,7.924299003394221,2024-11-03 17:18:44.015319,2024-11-03 17:18:48.822476,0 days 00:00:04.807157,20,1,3,106,COMPLETE
136,136,7.8968944482581716,2024-11-03 17:18:44.027159,2024-11-03 17:18:49.541763,0 days 00:00:05.514604,19,1,3,108,COMPLETE
137,137,7.941152772293891,2024-11-03 17:18:44.036683,2024-11-03 17:18:48.446552,0 days 00:00:04.409869,20,1,3,107,COMPLETE
138,138,7.941152772293891,2024-11-03 17:18:44.046693,2024-11-03 17:18:49.515707,0 days 00:00:05.469014,20,1,3,107,COMPLETE
139,139,7.851907122049811,2024-11-03 17:18:44.140551,2024-11-03 17:18:48.743660,0 days 00:00:04.603109,19,1,3,106,COMPLETE
140,140,7.924299003394221,2024-11-03 17:18:44.154850,2024-11-03 17:18:49.141343,0 days 00:00:04.986493,20,1,3,106,COMPLETE
141,141,7.924299003394221,2024-11-03 17:18:44.207672,2024-11-03 17:18:49.539169,0 days 00:00:05.331497,20,1,3,106,COMPLETE
142,142,7.924299003394221,2024-11-03 17:18:44.215939,2024-11-03 17:18:49.335718,0 days 00:00:05.119779,20,1,3,106,COMPLETE
143,143,7.924299003394221,2024-11-03 17:18:44.221663,2024-11-03 17:18:49.139465,0 days 00:00:04.917802,20,1,3,106,COMPLETE
144,144,7.8968944482581716,2024-11-03 17:18:44.230114,2024-11-03 17:18:49.346383,0 days 00:00:05.116269,19,1,3,108,COMPLETE
145,145,7.8796523345022,2024-11-03 17:18:44.235496,2024-11-03 17:18:49.417480,0 days 00:00:05.181984,20,1,3,105,COMPLETE
146,146,7.924299003394221,2024-11-03 17:18:44.240345,2024-11-03 17:18:49.329185,0 days 00:00:05.088840,20,1,3,106,COMPLETE
147,147,7.924299003394221,2024-11-03 17:18:44.249943,2024-11-03 17:18:49.343580,0 days 00:00:05.093637,20,1,3,106,COMPLETE
148,148,9.180727577973997,2024-11-03 17:18:46.628738,2024-11-03 17:18:49.440027,0 days 00:00:02.811289,19,2,3,104,COMPLETE
149,149,7.82876156771775,2024-11-03 17:18:47.640677,2024-11-03 17:18:50.353306,0 days 00:00:02.712629,18,1,3,103,COMPLETE
150,150,7.82876156771775,2024-11-03 17:18:47.848193,2024-11-03 17:18:51.109792,0 days 00:00:03.261599,18,1,3,103,COMPLETE
151,151,7.82876156771775,2024-11-03 17:18:47.939677,2024-11-03 17:18:50.536158,0 days 00:00:02.596481,18,1,3,103,COMPLETE
152,152,7.82876156771775,2024-11-03 17:18:48.144291,2024-11-03 17:18:50.856288,0 days 00:00:02.711997,18,1,3,103,COMPLETE
153,153,7.82876156771775,2024-11-03 17:18:48.313984,2024-11-03 17:18:51.209084,0 days 00:00:02.895100,18,1,3,103,COMPLETE
154,154,8.481967605933548,2024-11-03 17:18:48.525317,2024-11-03 17:18:51.246827,0 days 00:00:02.721510,18,1,4,103,COMPLETE
155,155,7.585211088170357,2024-11-03 17:18:48.617385,2024-11-03 17:18:52.149594,0 days 00:00:03.532209,19,1,3,100,COMPLETE
156,156,7.82876156771775,2024-11-03 17:18:48.632461,2024-11-03 17:18:51.108847,0 days 00:00:02.476386,18,1,3,103,COMPLETE
157,157,7.732179580825854,2024-11-03 17:18:48.740631,2024-11-03 17:18:51.251083,0 days 00:00:02.510452,19,1,3,103,COMPLETE
158,158,7.82876156771775,2024-11-03 17:18:48.839480,2024-11-03 17:18:51.421159,0 days 00:00:02.581679,18,1,3,103,COMPLETE
159,159,7.585211088170357,2024-11-03 17:18:48.933131,2024-11-03 17:18:54.124120,0 days 00:00:05.190989,19,1,3,100,COMPLETE
160,160,7.732179580825854,2024-11-03 17:18:48.947205,2024-11-03 17:18:52.643250,0 days 00:00:03.696045,19,1,3,103,COMPLETE
161,161,7.585211088170357,2024-11-03 17:18:49.240112,2024-11-03 17:18:53.536476,0 days 00:00:04.296364,19,1,3,100,COMPLETE
162,162,7.585211088170357,2024-11-03 17:18:49.310238,2024-11-03 17:18:52.628239,0 days 00:00:03.318001,19,1,3,100,COMPLETE
163,163,7.585211088170357,2024-11-03 17:18:49.427511,2024-11-03 17:18:54.220025,0 days 00:00:04.792514,19,1,3,100,COMPLETE
164,164,7.585211088170357,2024-11-03 17:18:49.440553,2024-11-03 17:18:54.410477,0 days 00:00:04.969924,19,1,3,100,COMPLETE
165,165,7.585211088170357,2024-11-03 17:18:49.450262,2024-11-03 17:18:54.242214,0 days 00:00:04.791952,19,1,3,100,COMPLETE
166,166,7.585211088170357,2024-11-03 17:18:49.511333,2024-11-03 17:18:54.325590,0 days 00:00:04.814257,19,1,3,100,COMPLETE
167,167,7.585211088170357,2024-11-03 17:18:49.514085,2024-11-03 17:18:52.316878,0 days 00:00:02.802793,19,1,3,100,COMPLETE
168,168,7.585211088170357,2024-11-03 17:18:49.516789,2024-11-03 17:18:54.235992,0 days 00:00:04.719203,19,1,3,100,COMPLETE
169,169,7.585211088170357,2024-11-03 17:18:49.518892,2024-11-03 17:18:54.514106,0 days 00:00:04.995214,19,1,3,100,COMPLETE
170,170,7.585211088170357,2024-11-03 17:18:49.542337,2024-11-03 17:18:54.136841,0 days 00:00:04.594504,19,1,3,100,COMPLETE
171,171,7.585211088170357,2024-11-03 17:18:49.557080,2024-11-03 17:18:54.747224,0 days 00:00:05.190144,19,1,3,100,COMPLETE
172,172,7.585211088170357,2024-11-03 17:18:49.561296,2024-11-03 17:18:53.830964,0 days 00:00:04.269668,19,1,3,100,COMPLETE
173,173,7.637788042905075,2024-11-03 17:18:50.415284,2024-11-03 17:18:53.432447,0 days 00:00:03.017163,19,1,3,101,COMPLETE
174,174,7.637788042905075,2024-11-03 17:18:50.551754,2024-11-03 17:18:54.645649,0 days 00:00:04.093895,19,1,3,101,COMPLETE
175,175,7.637788042905075,2024-11-03 17:18:50.924463,2024-11-03 17:18:54.941304,0 days 00:00:04.016841,19,1,3,101,COMPLETE
176,176,7.637788042905075,2024-11-03 17:18:51.132015,2024-11-03 17:18:54.934128,0 days 00:00:03.802113,19,1,3,101,COMPLETE
177,177,7.637788042905075,2024-11-03 17:18:51.141984,2024-11-03 17:18:54.925549,0 days 00:00:03.783565,19,1,3,101,COMPLETE
178,178,7.585211088170357,2024-11-03 17:18:51.232801,2024-11-03 17:18:55.233218,0 days 00:00:04.000417,19,1,3,100,COMPLETE
179,179,7.585211088170357,2024-11-03 17:18:51.310511,2024-11-03 17:18:55.326334,0 days 00:00:04.015823,19,1,3,100,COMPLETE
180,180,7.992117952366474,2024-11-03 17:18:51.312920,2024-11-03 17:18:54.960224,0 days 00:00:03.647304,19,1,3,109,COMPLETE
181,181,7.585211088170357,2024-11-03 17:18:51.435741,2024-11-03 17:18:55.315814,0 days 00:00:03.880073,19,1,3,100,COMPLETE
182,182,8.471794686584412,2024-11-03 17:18:52.322346,2024-11-03 17:18:55.642770,0 days 00:00:03.320424,19,1,3,144,COMPLETE
183,183,7.7898049346126745,2024-11-03 17:18:52.411616,2024-11-03 17:18:55.529284,0 days 00:00:03.117668,19,1,3,104,COMPLETE
184,184,7.7898049346126745,2024-11-03 17:18:52.906230,2024-11-03 17:18:55.512415,0 days 00:00:02.606185,19,1,3,104,COMPLETE
185,185,7.7898049346126745,2024-11-03 17:18:52.920120,2024-11-03 17:18:55.640991,0 days 00:00:02.720871,19,1,3,104,COMPLETE
186,186,8.55589662969248,2024-11-03 17:18:53.528110,2024-11-03 17:18:56.227703,0 days 00:00:02.699593,19,1,3,165,COMPLETE
187,187,8.555211809781623,2024-11-03 17:18:53.712553,2024-11-03 17:18:56.425544,0 days 00:00:02.712991,19,1,3,162,COMPLETE
188,188,7.681371884096088,2024-11-03 17:18:54.032607,2024-11-03 17:18:56.811671,0 days 00:00:02.779064,19,1,3,102,COMPLETE
189,189,7.681371884096088,2024-11-03 17:18:54.239193,2024-11-03 17:18:58.547834,0 days 00:00:04.308641,19,1,3,102,COMPLETE
190,190,7.681371884096088,2024-11-03 17:18:54.310335,2024-11-03 17:18:56.642742,0 days 00:00:02.332407,19,1,3,102,COMPLETE
191,191,7.681371884096088,2024-11-03 17:18:54.418151,2024-11-03 17:18:57.306271,0 days 00:00:02.888120,19,1,3,102,COMPLETE
192,192,7.681371884096088,2024-11-03 17:18:54.427813,2024-11-03 17:18:57.721054,0 days 00:00:03.293241,19,1,3,102,COMPLETE
193,193,9.161200813840571,2024-11-03 17:18:54.432027,2024-11-03 17:18:58.510839,0 days 00:00:04.078812,19,2,3,102,COMPLETE
194,194,8.437130823550477,2024-11-03 17:18:54.440853,2024-11-03 17:18:59.046542,0 days 00:00:04.605689,19,1,3,153,COMPLETE
195,195,7.681371884096088,2024-11-03 17:18:54.534057,2024-11-03 17:18:58.546734,0 days 00:00:04.012677,19,1,3,102,COMPLETE
196,196,7.7898049346126745,2024-11-03 17:18:54.616540,2024-11-03 17:18:57.927115,0 days 00:00:03.310575,19,1,3,104,COMPLETE
197,197,7.7898049346126745,2024-11-03 17:18:54.715099,2024-11-03 17:18:58.739996,0 days 00:00:04.024897,19,1,3,104,COMPLETE
198,198,9.068321127273329,2024-11-03 17:18:54.820272,2024-11-03 17:18:58.432109,0 days 00:00:03.611837,19,2,3,100,COMPLETE
199,199,7.7898049346126745,2024-11-03 17:18:54.949239,2024-11-03 17:18:58.811060,0 days 00:00:03.861821,19,1,3,104,COMPLETE
200,200,7.7898049346126745,2024-11-03 17:18:55.008000,2024-11-03 17:18:58.037520,0 days 00:00:03.029520,19,1,3,104,COMPLETE
201,201,7.7898049346126745,2024-11-03 17:18:55.017484,2024-11-03 17:18:58.813328,0 days 00:00:03.795844,19,1,3,104,COMPLETE
202,202,7.7898049346126745,2024-11-03 17:18:55.027833,2024-11-03 17:18:59.820202,0 days 00:00:04.792369,19,1,3,104,COMPLETE
203,203,7.585211088170357,2024-11-03 17:18:55.257080,2024-11-03 17:19:00.214287,0 days 00:00:04.957207,19,1,3,100,COMPLETE
204,204,7.585211088170357,2024-11-03 17:18:55.343774,2024-11-03 17:19:00.323464,0 days 00:00:04.979690,19,1,3,100,COMPLETE
205,205,7.585211088170357,2024-11-03 17:18:55.351785,2024-11-03 17:19:00.246589,0 days 00:00:04.894804,19,1,3,100,COMPLETE
206,206,7.585211088170357,2024-11-03 17:18:55.525990,2024-11-03 17:18:59.235781,0 days 00:00:03.709791,19,1,3,100,COMPLETE
207,207,7.585211088170357,2024-11-03 17:18:55.541500,2024-11-03 17:19:00.254416,0 days 00:00:04.712916,19,1,3,100,COMPLETE
208,208,7.585211088170357,2024-11-03 17:18:55.653342,2024-11-03 17:18:58.936783,0 days 00:00:03.283441,19,1,3,100,COMPLETE
209,209,7.585211088170357,2024-11-03 17:18:55.654722,2024-11-03 17:19:00.357686,0 days 00:00:04.702964,19,1,3,100,COMPLETE
210,210,7.532104585496377,2024-11-03 17:18:56.238408,2024-11-03 17:19:00.448650,0 days 00:00:04.210242,17,1,3,100,COMPLETE
211,211,7.585211088170357,2024-11-03 17:18:56.436107,2024-11-03 17:18:59.934047,0 days 00:00:03.497940,19,1,3,100,COMPLETE
212,212,7.585211088170357,2024-11-03 17:18:56.670196,2024-11-03 17:18:59.835247,0 days 00:00:03.165051,19,1,3,100,COMPLETE
213,213,7.585211088170357,2024-11-03 17:18:56.830059,2024-11-03 17:19:00.040329,0 days 00:00:03.210270,19,1,3,100,COMPLETE
214,214,7.585211088170357,2024-11-03 17:18:57.343821,2024-11-03 17:19:00.217958,0 days 00:00:02.874137,19,1,3,100,COMPLETE
215,215,7.66122191972657,2024-11-03 17:18:57.905572,2024-11-03 17:19:00.527293,0 days 00:00:02.621721,18,1,3,100,COMPLETE
216,216,7.66122191972657,2024-11-03 17:18:58.045266,2024-11-03 17:19:00.553290,0 days 00:00:02.508024,18,1,3,100,COMPLETE
217,217,7.681371884096088,2024-11-03 17:18:58.321554,2024-11-03 17:19:01.138708,0 days 00:00:02.817154,19,1,3,102,COMPLETE
218,218,7.641251994654758,2024-11-03 17:18:58.614884,2024-11-03 17:19:00.786403,0 days 00:00:02.171519,16,1,3,102,COMPLETE
219,219,7.7018616239218725,2024-11-03 17:18:58.628670,2024-11-03 17:19:01.940382,0 days 00:00:03.311712,17,1,3,103,COMPLETE
220,220,7.681371884096088,2024-11-03 17:18:58.729645,2024-11-03 17:19:01.512042,0 days 00:00:02.782397,19,1,3,102,COMPLETE
221,221,7.681371884096088,2024-11-03 17:18:58.746700,2024-11-03 17:19:01.641181,0 days 00:00:02.894481,19,1,3,102,COMPLETE
222,222,7.759407218206627,2024-11-03 17:18:58.840654,2024-11-03 17:19:01.946856,0 days 00:00:03.106202,17,1,3,104,COMPLETE
223,223,7.681371884096088,2024-11-03 17:18:58.844368,2024-11-03 17:19:02.008646,0 days 00:00:03.164278,19,1,3,102,COMPLETE
224,224,7.628422822280167,2024-11-03 17:18:58.849339,2024-11-03 17:19:01.727135,0 days 00:00:02.877796,17,1,3,102,COMPLETE
225,225,7.628422822280167,2024-11-03 17:18:59.010258,2024-11-03 17:19:01.848366,0 days 00:00:02.838108,17,1,3,102,COMPLETE
226,226,7.759407218206627,2024-11-03 17:18:59.135759,2024-11-03 17:19:02.069363,0 days 00:00:02.933604,17,1,3,104,COMPLETE
227,227,7.885735198447614,2024-11-03 17:18:59.335087,2024-11-03 17:19:02.233267,0 days 00:00:02.898180,18,1,3,104,COMPLETE
228,228,7.681371884096088,2024-11-03 17:18:59.924243,2024-11-03 17:19:03.607821,0 days 00:00:03.683578,19,1,3,102,COMPLETE
229,229,7.585211088170357,2024-11-03 17:18:59.937680,2024-11-03 17:19:02.256748,0 days 00:00:02.319068,19,1,3,100,COMPLETE
230,230,7.585211088170357,2024-11-03 17:19:00.005845,2024-11-03 17:19:02.546891,0 days 00:00:02.541046,19,1,3,100,COMPLETE
231,231,7.585211088170357,2024-11-03 17:19:00.208653,2024-11-03 17:19:03.035855,0 days 00:00:02.827202,19,1,3,100,COMPLETE
232,232,7.585211088170357,2024-11-03 17:19:00.233736,2024-11-03 17:19:02.735827,0 days 00:00:02.502091,19,1,3,100,COMPLETE
233,233,7.585211088170357,2024-11-03 17:19:00.261611,2024-11-03 17:19:04.432775,0 days 00:00:04.171164,19,1,3,100,COMPLETE
234,234,7.585211088170357,2024-11-03 17:19:00.339133,2024-11-03 17:19:04.048306,0 days 00:00:03.709173,19,1,3,100,COMPLETE
235,235,7.585211088170357,2024-11-03 17:19:00.347543,2024-11-03 17:19:04.312957,0 days 00:00:03.965414,19,1,3,100,COMPLETE
236,236,7.681371884096088,2024-11-03 17:19:00.410158,2024-11-03 17:19:04.343937,0 days 00:00:03.933779,19,1,3,102,COMPLETE
237,237,7.585211088170357,2024-11-03 17:19:00.422488,2024-11-03 17:19:04.444545,0 days 00:00:04.022057,19,1,3,100,COMPLETE
238,238,7.585211088170357,2024-11-03 17:19:00.461634,2024-11-03 17:19:04.432204,0 days 00:00:03.970570,19,1,3,100,COMPLETE
239,239,7.681371884096088,2024-11-03 17:19:00.541801,2024-11-03 17:19:03.646320,0 days 00:00:03.104519,19,1,3,102,COMPLETE
240,240,7.585211088170357,2024-11-03 17:19:00.563756,2024-11-03 17:19:03.455530,0 days 00:00:02.891774,19,1,3,100,COMPLETE
241,241,7.681371884096088,2024-11-03 17:19:00.797027,2024-11-03 17:19:03.911968,0 days 00:00:03.114941,19,1,3,102,COMPLETE
242,242,7.681371884096088,2024-11-03 17:19:01.150313,2024-11-03 17:19:04.833990,0 days 00:00:03.683677,19,1,3,102,COMPLETE
243,243,7.7898049346126745,2024-11-03 17:19:01.549463,2024-11-03 17:19:05.145972,0 days 00:00:03.596509,19,1,3,104,COMPLETE
244,244,7.7898049346126745,2024-11-03 17:19:01.726039,2024-11-03 17:19:05.310408,0 days 00:00:03.584369,19,1,3,104,COMPLETE
245,245,8.642823500362791,2024-11-03 17:19:01.815264,2024-11-03 17:19:05.039784,0 days 00:00:03.224520,19,1,5,104,COMPLETE
246,246,7.7898049346126745,2024-11-03 17:19:01.920581,2024-11-03 17:19:05.215725,0 days 00:00:03.295144,19,1,3,104,COMPLETE
247,247,7.7898049346126745,2024-11-03 17:19:01.958311,2024-11-03 17:19:05.208879,0 days 00:00:03.250568,19,1,3,104,COMPLETE
248,248,7.7898049346126745,2024-11-03 17:19:01.960616,2024-11-03 17:19:05.828642,0 days 00:00:03.868026,19,1,3,104,COMPLETE
249,249,8.642823500362791,2024-11-03 17:19:02.023620,2024-11-03 17:19:06.152424,0 days 00:00:04.128804,19,1,5,104,COMPLETE
250,250,7.885735198447614,2024-11-03 17:19:02.108760,2024-11-03 17:19:06.223792,0 days 00:00:04.115032,18,1,3,104,COMPLETE
251,251,7.7898049346126745,2024-11-03 17:19:02.249334,2024-11-03 17:19:06.116670,0 days 00:00:03.867336,19,1,3,104,COMPLETE
252,252,7.732179580825854,2024-11-03 17:19:02.271093,2024-11-03 17:19:05.324431,0 days 00:00:03.053338,19,1,3,103,COMPLETE
253,253,8.642823500362791,2024-11-03 17:19:02.649186,2024-11-03 17:19:06.322748,0 days 00:00:03.673562,19,1,5,104,COMPLETE
254,254,8.642823500362791,2024-11-03 17:19:02.746771,2024-11-03 17:19:06.345955,0 days 00:00:03.599184,19,1,5,104,COMPLETE
255,255,8.648454301730736,2024-11-03 17:19:03.152702,2024-11-03 17:19:06.610874,0 days 00:00:03.458172,18,1,3,172,COMPLETE
256,256,8.697959842279662,2024-11-03 17:19:03.531227,2024-11-03 17:19:07.050763,0 days 00:00:03.519536,18,1,3,175,COMPLETE
257,257,7.7557218343976615,2024-11-03 17:19:03.629577,2024-11-03 17:19:06.810002,0 days 00:00:03.180425,18,1,3,102,COMPLETE
258,258,8.597811664148008,2024-11-03 17:19:03.729971,2024-11-03 17:19:07.254960,0 days 00:00:03.524989,18,1,3,197,COMPLETE
259,259,7.585211088170357,2024-11-03 17:19:03.934072,2024-11-03 17:19:07.027350,0 days 00:00:03.093278,19,1,3,100,COMPLETE
260,260,7.681371884096088,2024-11-03 17:19:04.206885,2024-11-03 17:19:07.348960,0 days 00:00:03.142075,19,1,3,102,COMPLETE
261,261,8.518685746757882,2024-11-03 17:19:04.417451,2024-11-03 17:19:09.018761,0 days 00:00:04.601310,18,1,3,138,COMPLETE
262,262,7.585211088170357,2024-11-03 17:19:04.511509,2024-11-03 17:19:08.645214,0 days 00:00:04.133705,19,1,3,100,COMPLETE
263,263,8.486659357149827,2024-11-03 17:19:04.522372,2024-11-03 17:19:09.535985,0 days 00:00:05.013613,19,1,3,195,COMPLETE
264,264,7.585211088170357,2024-11-03 17:19:04.531689,2024-11-03 17:19:08.735904,0 days 00:00:04.204215,19,1,3,100,COMPLETE
265,265,7.585211088170357,2024-11-03 17:19:04.541054,2024-11-03 17:19:08.949893,0 days 00:00:04.408839,19,1,3,100,COMPLETE
266,266,7.585211088170357,2024-11-03 17:19:04.921229,2024-11-03 17:19:08.927032,0 days 00:00:04.005803,19,1,3,100,COMPLETE
267,267,7.585211088170357,2024-11-03 17:19:05.123692,2024-11-03 17:19:08.116349,0 days 00:00:02.992657,19,1,3,100,COMPLETE
268,268,7.585211088170357,2024-11-03 17:19:05.229390,2024-11-03 17:19:08.417331,0 days 00:00:03.187941,19,1,3,100,COMPLETE
269,269,7.585211088170357,2024-11-03 17:19:05.236112,2024-11-03 17:19:08.246863,0 days 00:00:03.010751,19,1,3,100,COMPLETE
270,270,7.585211088170357,2024-11-03 17:19:05.254865,2024-11-03 17:19:08.022223,0 days 00:00:02.767358,19,1,3,100,COMPLETE
271,271,7.585211088170357,2024-11-03 17:19:05.343884,2024-11-03 17:19:09.320305,0 days 00:00:03.976421,19,1,3,100,COMPLETE
272,272,7.585211088170357,2024-11-03 17:19:05.406833,2024-11-03 17:19:08.112086,0 days 00:00:02.705253,19,1,3,100,COMPLETE
273,273,7.681371884096088,2024-11-03 17:19:05.855378,2024-11-03 17:19:10.231027,0 days 00:00:04.375649,19,1,3,102,COMPLETE
274,274,7.681371884096088,2024-11-03 17:19:06.214781,2024-11-03 17:19:10.039491,0 days 00:00:03.824710,19,1,3,102,COMPLETE
275,275,7.681371884096088,2024-11-03 17:19:06.242962,2024-11-03 17:19:10.742181,0 days 00:00:04.499219,19,1,3,102,COMPLETE
276,276,8.466768018439376,2024-11-03 17:19:06.251458,2024-11-03 17:19:10.840999,0 days 00:00:04.589541,19,1,3,134,COMPLETE
277,277,8.561517752971126,2024-11-03 17:19:06.339632,2024-11-03 17:19:11.145916,0 days 00:00:04.806284,19,1,3,186,COMPLETE
278,278,7.681371884096088,2024-11-03 17:19:06.421359,2024-11-03 17:19:10.650050,0 days 00:00:04.228691,19,1,3,102,COMPLETE
279,279,7.681371884096088,2024-11-03 17:19:06.639766,2024-11-03 17:19:09.623446,0 days 00:00:02.983680,19,1,3,102,COMPLETE
280,280,7.681371884096088,2024-11-03 17:19:06.836156,2024-11-03 17:19:10.657817,0 days 00:00:03.821661,19,1,3,102,COMPLETE
281,281,7.641251994654758,2024-11-03 17:19:07.045436,2024-11-03 17:19:10.645077,0 days 00:00:03.599641,16,1,3,102,COMPLETE
282,282,7.681371884096088,2024-11-03 17:19:07.113911,2024-11-03 17:19:10.828553,0 days 00:00:03.714642,19,1,3,102,COMPLETE
283,283,7.681371884096088,2024-11-03 17:19:07.323448,2024-11-03 17:19:10.909891,0 days 00:00:03.586443,19,1,3,102,COMPLETE
284,284,7.732179580825854,2024-11-03 17:19:07.441241,2024-11-03 17:19:10.437924,0 days 00:00:02.996683,19,1,3,103,COMPLETE
285,285,7.681371884096088,2024-11-03 17:19:08.050237,2024-11-03 17:19:11.336275,0 days 00:00:03.286038,19,1,3,102,COMPLETE
286,286,7.641251994654758,2024-11-03 17:19:08.129091,2024-11-03 17:19:11.325745,0 days 00:00:03.196654,16,1,3,102,COMPLETE
287,287,8.282140275601892,2024-11-03 17:19:08.148441,2024-11-03 17:19:11.650922,0 days 00:00:03.502481,15,1,3,105,COMPLETE
288,288,7.681371884096088,2024-11-03 17:19:08.331196,2024-11-03 17:19:11.333954,0 days 00:00:03.002758,19,1,3,102,COMPLETE
289,289,7.681371884096088,2024-11-03 17:19:08.435085,2024-11-03 17:19:11.458759,0 days 00:00:03.023674,19,1,3,102,COMPLETE
290,290,7.806708114615622,2024-11-03 17:19:08.731544,2024-11-03 17:19:12.477271,0 days 00:00:03.745727,19,1,3,105,COMPLETE
291,291,7.806708114615622,2024-11-03 17:19:08.828951,2024-11-03 17:19:12.466284,0 days 00:00:03.637333,19,1,3,105,COMPLETE
292,292,7.901263061539027,2024-11-03 17:19:09.026027,2024-11-03 17:19:12.553693,0 days 00:00:03.527666,18,1,3,105,COMPLETE
293,293,7.901263061539027,2024-11-03 17:19:09.048802,2024-11-03 17:19:12.563950,0 days 00:00:03.515148,18,1,3,105,COMPLETE
294,294,7.901263061539027,2024-11-03 17:19:09.115368,2024-11-03 17:19:12.543761,0 days 00:00:03.428393,18,1,3,105,COMPLETE
295,295,7.806708114615622,2024-11-03 17:19:09.441137,2024-11-03 17:19:12.733110,0 days 00:00:03.291973,19,1,3,105,COMPLETE
296,296,9.741275825360576,2024-11-03 17:19:09.552821,2024-11-03 17:19:12.763939,0 days 00:00:03.211118,19,2,3,149,COMPLETE
297,297,9.122000358201138,2024-11-03 17:19:09.745410,2024-11-03 17:19:12.226539,0 days 00:00:02.481129,19,2,3,105,COMPLETE
298,298,7.585211088170357,2024-11-03 17:19:10.214753,2024-11-03 17:19:12.835359,0 days 00:00:02.620606,19,1,3,100,COMPLETE
299,299,7.66122191972657,2024-11-03 17:19:10.413079,2024-11-03 17:19:12.841721,0 days 00:00:02.428642,18,1,3,100,COMPLETE
300,300,7.755207513580683,2024-11-03 17:19:10.508565,2024-11-03 17:19:16.440951,0 days 00:00:05.932386,20,1,3,102,COMPLETE
301,301,8.418698558844648,2024-11-03 17:19:10.725270,2024-11-03 17:19:14.147281,0 days 00:00:03.422011,19,1,3,126,COMPLETE
302,302,7.585211088170357,2024-11-03 17:19:10.748635,2024-11-03 17:19:13.543613,0 days 00:00:02.794978,19,1,3,100,COMPLETE
303,303,7.585211088170357,2024-11-03 17:19:10.753599,2024-11-03 17:19:13.809489,0 days 00:00:03.055890,19,1,3,100,COMPLETE
304,304,7.992117952366474,2024-11-03 17:19:10.833049,2024-11-03 17:19:14.316501,0 days 00:00:03.483452,19,1,3,109,COMPLETE
305,305,7.585211088170357,2024-11-03 17:19:10.861662,2024-11-03 17:19:13.653847,0 days 00:00:02.792185,19,1,3,100,COMPLETE
306,306,7.585211088170357,2024-11-03 17:19:10.865682,2024-11-03 17:19:13.940445,0 days 00:00:03.074763,19,1,3,100,COMPLETE
307,307,7.585211088170357,2024-11-03 17:19:10.932433,2024-11-03 17:19:13.951916,0 days 00:00:03.019483,19,1,3,100,COMPLETE
308,308,7.585211088170357,2024-11-03 17:19:11.231065,2024-11-03 17:19:14.334684,0 days 00:00:03.103619,19,1,3,100,COMPLETE
309,309,7.8968944482581716,2024-11-03 17:19:11.342656,2024-11-03 17:19:14.611440,0 days 00:00:03.268784,19,1,3,108,COMPLETE
310,310,8.410533644124866,2024-11-03 17:19:11.354324,2024-11-03 17:19:14.634545,0 days 00:00:03.280221,19,1,3,128,COMPLETE
311,311,7.585211088170357,2024-11-03 17:19:11.415770,2024-11-03 17:19:14.456195,0 days 00:00:03.040425,19,1,3,100,COMPLETE
312,312,7.992117952366474,2024-11-03 17:19:11.514622,2024-11-03 17:19:14.711904,0 days 00:00:03.197282,19,1,3,109,COMPLETE
313,313,7.755207513580683,2024-11-03 17:19:11.712357,2024-11-03 17:19:14.949004,0 days 00:00:03.236647,20,1,3,102,COMPLETE
314,314,7.968368103319271,2024-11-03 17:19:12.242314,2024-11-03 17:19:14.917453,0 days 00:00:02.675139,20,1,3,108,COMPLETE
315,315,7.755207513580683,2024-11-03 17:19:12.530739,2024-11-03 17:19:16.009892,0 days 00:00:03.479153,20,1,3,102,COMPLETE
316,316,7.755207513580683,2024-11-03 17:19:12.548062,2024-11-03 17:19:16.252744,0 days 00:00:03.704682,20,1,3,102,COMPLETE
317,317,7.755207513580683,2024-11-03 17:19:12.574581,2024-11-03 17:19:16.452473,0 days 00:00:03.877892,20,1,3,102,COMPLETE
318,318,7.755207513580683,2024-11-03 17:19:12.617324,2024-11-03 17:19:16.542560,0 days 00:00:03.925236,20,1,3,102,COMPLETE
319,319,7.755207513580683,2024-11-03 17:19:12.630174,2024-11-03 17:19:16.441765,0 days 00:00:03.811591,20,1,3,102,COMPLETE
320,320,7.805763930852546,2024-11-03 17:19:12.746980,2024-11-03 17:19:16.740389,0 days 00:00:03.993409,20,1,3,103,COMPLETE
321,321,8.655683210730967,2024-11-03 17:19:12.815407,2024-11-03 17:19:17.024000,0 days 00:00:04.208593,20,1,3,183,COMPLETE
322,322,7.732179580825854,2024-11-03 17:19:12.852196,2024-11-03 17:19:15.520722,0 days 00:00:02.668526,19,1,3,103,COMPLETE
323,323,7.732179580825854,2024-11-03 17:19:12.857305,2024-11-03 17:19:15.726040,0 days 00:00:02.868735,19,1,3,103,COMPLETE
324,324,7.681371884096088,2024-11-03 17:19:13.653125,2024-11-03 17:19:17.710610,0 days 00:00:04.057485,19,1,3,102,COMPLETE
325,325,7.681371884096088,2024-11-03 17:19:13.741092,2024-11-03 17:19:16.247409,0 days 00:00:02.506317,19,1,3,102,COMPLETE
326,326,7.585211088170357,2024-11-03 17:19:13.915901,2024-11-03 17:19:17.918899,0 days 00:00:04.002998,19,1,3,100,COMPLETE
327,327,7.681371884096088,2024-11-03 17:19:14.016007,2024-11-03 17:19:18.146539,0 days 00:00:04.130532,19,1,3,102,COMPLETE
328,328,7.681371884096088,2024-11-03 17:19:14.030387,2024-11-03 17:19:17.936650,0 days 00:00:03.906263,19,1,3,102,COMPLETE
329,329,7.681371884096088,2024-11-03 17:19:14.242829,2024-11-03 17:19:18.041000,0 days 00:00:03.798171,19,1,3,102,COMPLETE
330,330,7.585211088170357,2024-11-03 17:19:14.340523,2024-11-03 17:19:18.050042,0 days 00:00:03.709519,19,1,3,100,COMPLETE
331,331,7.585211088170357,2024-11-03 17:19:14.414059,2024-11-03 17:19:17.750431,0 days 00:00:03.336372,19,1,3,100,COMPLETE
332,332,7.585211088170357,2024-11-03 17:19:14.541822,2024-11-03 17:19:18.414217,0 days 00:00:03.872395,19,1,3,100,COMPLETE
333,333,8.324110619481898,2024-11-03 17:19:14.629536,2024-11-03 17:19:18.053343,0 days 00:00:03.423807,19,1,4,100,COMPLETE
334,334,7.585211088170357,2024-11-03 17:19:14.648301,2024-11-03 17:19:17.943364,0 days 00:00:03.295063,19,1,3,100,COMPLETE
335,335,7.585211088170357,2024-11-03 17:19:14.728184,2024-11-03 17:19:18.526935,0 days 00:00:03.798751,19,1,3,100,COMPLETE
336,336,7.585211088170357,2024-11-03 17:19:14.932246,2024-11-03 17:19:18.534850,0 days 00:00:03.602604,19,1,3,100,COMPLETE
337,337,8.324110619481898,2024-11-03 17:19:14.960172,2024-11-03 17:19:18.543943,0 days 00:00:03.583771,19,1,4,100,COMPLETE
338,338,8.56625512985561,2024-11-03 17:19:15.543837,2024-11-03 17:19:18.513434,0 days 00:00:02.969597,18,1,4,106,COMPLETE
339,339,7.851907122049811,2024-11-03 17:19:15.740320,2024-11-03 17:19:20.023770,0 days 00:00:04.283450,19,1,3,106,COMPLETE
340,340,7.885735198447614,2024-11-03 17:19:16.050618,2024-11-03 17:19:18.820990,0 days 00:00:02.770372,18,1,3,104,COMPLETE
341,341,7.953391585331648,2024-11-03 17:19:16.313279,2024-11-03 17:19:18.737520,0 days 00:00:02.424241,18,1,3,106,COMPLETE
342,342,7.885735198447614,2024-11-03 17:19:16.352193,2024-11-03 17:19:19.063255,0 days 00:00:02.711062,18,1,3,104,COMPLETE
343,343,8.652299709581735,2024-11-03 17:19:16.531438,2024-11-03 17:19:19.758915,0 days 00:00:03.227477,15,1,3,120,COMPLETE
344,344,7.7898049346126745,2024-11-03 17:19:16.606634,2024-11-03 17:19:19.661275,0 days 00:00:03.054641,19,1,3,104,COMPLETE
345,345,8.267632806291957,2024-11-03 17:19:16.643533,2024-11-03 17:19:19.668033,0 days 00:00:03.024500,15,1,3,104,COMPLETE
346,346,7.7898049346126745,2024-11-03 17:19:16.816231,2024-11-03 17:19:19.629865,0 days 00:00:02.813634,19,1,3,104,COMPLETE
347,347,7.7898049346126745,2024-11-03 17:19:16.830479,2024-11-03 17:19:19.715639,0 days 00:00:02.885160,19,1,3,104,COMPLETE
348,348,8.267632806291957,2024-11-03 17:19:17.040777,2024-11-03 17:19:19.801952,0 days 00:00:02.761175,15,1,3,104,COMPLETE
349,349,7.681371884096088,2024-11-03 17:19:17.826606,2024-11-03 17:19:20.075405,0 days 00:00:02.248799,19,1,3,102,COMPLETE
350,350,7.681371884096088,2024-11-03 17:19:17.840061,2024-11-03 17:19:20.160093,0 days 00:00:02.320032,19,1,3,102,COMPLETE
351,351,7.681371884096088,2024-11-03 17:19:17.951614,2024-11-03 17:19:20.925621,0 days 00:00:02.974007,19,1,3,102,COMPLETE
352,352,8.437130823550477,2024-11-03 17:19:18.023663,2024-11-03 17:19:22.313824,0 days 00:00:04.290161,19,1,3,153,COMPLETE
353,353,7.681371884096088,2024-11-03 17:19:18.031508,2024-11-03 17:19:21.918615,0 days 00:00:03.887107,19,1,3,102,COMPLETE
354,354,7.585211088170357,2024-11-03 17:19:18.120075,2024-11-03 17:19:21.620649,0 days 00:00:03.500574,19,1,3,100,COMPLETE
355,355,7.585211088170357,2024-11-03 17:19:18.123448,2024-11-03 17:19:22.136151,0 days 00:00:04.012703,19,1,3,100,COMPLETE
356,356,8.529666201125224,2024-11-03 17:19:18.140387,2024-11-03 17:19:22.524531,0 days 00:00:04.384144,19,1,3,160,COMPLETE
357,357,7.585211088170357,2024-11-03 17:19:18.215744,2024-11-03 17:19:21.906810,0 days 00:00:03.691066,19,1,3,100,COMPLETE
358,358,8.529666201125224,2024-11-03 17:19:18.449440,2024-11-03 17:19:23.511117,0 days 00:00:05.061677,19,1,3,160,COMPLETE
359,359,7.585211088170357,2024-11-03 17:19:18.530146,2024-11-03 17:19:22.251297,0 days 00:00:03.721151,19,1,3,100,COMPLETE
360,360,7.585211088170357,2024-11-03 17:19:18.551828,2024-11-03 17:19:22.919213,0 days 00:00:04.367385,19,1,3,100,COMPLETE
361,361,7.585211088170357,2024-11-03 17:19:18.558078,2024-11-03 17:19:22.917952,0 days 00:00:04.359874,19,1,3,100,COMPLETE
362,362,8.40155835531395,2024-11-03 17:19:18.607698,2024-11-03 17:19:23.512092,0 days 00:00:04.904394,19,1,3,141,COMPLETE
363,363,7.585211088170357,2024-11-03 17:19:18.748959,2024-11-03 17:19:22.844687,0 days 00:00:04.095728,19,1,3,100,COMPLETE
364,364,8.397189032655444,2024-11-03 17:19:18.832827,2024-11-03 17:19:21.425767,0 days 00:00:02.592940,19,1,3,142,COMPLETE
365,365,7.585211088170357,2024-11-03 17:19:19.113579,2024-11-03 17:19:23.821695,0 days 00:00:04.708116,19,1,3,100,COMPLETE
366,366,8.541363257366031,2024-11-03 17:19:19.654619,2024-11-03 17:19:24.823835,0 days 00:00:05.169216,19,1,3,159,COMPLETE
367,367,7.869101729228126,2024-11-03 17:19:19.697105,2024-11-03 17:19:24.554392,0 days 00:00:04.857287,19,1,3,107,COMPLETE
368,368,7.869101729228126,2024-11-03 17:19:19.708216,2024-11-03 17:19:24.434036,0 days 00:00:04.725820,19,1,3,107,COMPLETE
369,369,7.969986461622379,2024-11-03 17:19:19.728334,2024-11-03 17:19:24.925314,0 days 00:00:05.196980,18,1,3,107,COMPLETE
370,370,7.851907122049811,2024-11-03 17:19:19.770358,2024-11-03 17:19:24.519579,0 days 00:00:04.749221,19,1,3,106,COMPLETE
371,371,7.732179580825854,2024-11-03 17:19:19.812729,2024-11-03 17:19:24.423196,0 days 00:00:04.610467,19,1,3,103,COMPLETE
372,372,7.869101729228126,2024-11-03 17:19:20.036032,2024-11-03 17:19:23.538799,0 days 00:00:03.502767,19,1,3,107,COMPLETE
373,373,7.969986461622379,2024-11-03 17:19:20.118591,2024-11-03 17:19:23.742423,0 days 00:00:03.623832,18,1,3,107,COMPLETE
374,374,8.617677983515529,2024-11-03 17:19:20.214902,2024-11-03 17:19:23.827079,0 days 00:00:03.612177,18,1,3,131,COMPLETE
375,375,9.162364633151743,2024-11-03 17:19:21.032092,2024-11-03 17:19:23.945527,0 days 00:00:02.913435,18,2,3,107,COMPLETE
376,376,9.20353427608507,2024-11-03 17:19:21.512090,2024-11-03 17:19:25.030130,0 days 00:00:03.518040,18,2,3,103,COMPLETE
377,377,7.732179580825854,2024-11-03 17:19:21.807990,2024-11-03 17:19:24.414470,0 days 00:00:02.606480,19,1,3,103,COMPLETE
378,378,7.732179580825854,2024-11-03 17:19:22.018254,2024-11-03 17:19:24.951418,0 days 00:00:02.933164,19,1,3,103,COMPLETE
379,379,7.732179580825854,2024-11-03 17:19:22.022193,2024-11-03 17:19:24.617800,0 days 00:00:02.595607,19,1,3,103,COMPLETE
380,380,8.608503352178527,2024-11-03 17:19:22.239717,2024-11-03 17:19:25.629000,0 days 00:00:03.389283,19,1,3,189,COMPLETE
381,381,7.7898049346126745,2024-11-03 17:19:22.426634,2024-11-03 17:19:25.240698,0 days 00:00:02.814064,19,1,3,104,COMPLETE
382,382,8.462581328583044,2024-11-03 17:19:22.433028,2024-11-03 17:19:25.517796,0 days 00:00:03.084768,19,1,3,146,COMPLETE
383,383,7.681371884096088,2024-11-03 17:19:22.722860,2024-11-03 17:19:25.507140,0 days 00:00:02.784280,19,1,3,102,COMPLETE
384,384,8.585757652484483,2024-11-03 17:19:23.007254,2024-11-03 17:19:25.876046,0 days 00:00:02.868792,19,1,3,190,COMPLETE
385,385,7.681371884096088,2024-11-03 17:19:23.025199,2024-11-03 17:19:25.711436,0 days 00:00:02.686237,19,1,3,102,COMPLETE
386,386,7.681371884096088,2024-11-03 17:19:23.031094,2024-11-03 17:19:25.633072,0 days 00:00:02.601978,19,1,3,102,COMPLETE
387,387,7.681371884096088,2024-11-03 17:19:23.645913,2024-11-03 17:19:26.266776,0 days 00:00:02.620863,19,1,3,102,COMPLETE
388,388,7.8796523345022,2024-11-03 17:19:23.713159,2024-11-03 17:19:25.933867,0 days 00:00:02.220708,20,1,3,105,COMPLETE
389,389,7.681371884096088,2024-11-03 17:19:23.719758,2024-11-03 17:19:26.179418,0 days 00:00:02.459660,19,1,3,102,COMPLETE
390,390,7.681371884096088,2024-11-03 17:19:23.846844,2024-11-03 17:19:26.434440,0 days 00:00:02.587596,19,1,3,102,COMPLETE
391,391,7.863523855173259,2024-11-03 17:19:23.925301,2024-11-03 17:19:26.107735,0 days 00:00:02.182434,20,1,3,104,COMPLETE
392,392,7.681371884096088,2024-11-03 17:19:24.008869,2024-11-03 17:19:26.455138,0 days 00:00:02.446269,19,1,3,102,COMPLETE
393,393,7.53430327520504,2024-11-03 17:19:24.541446,2024-11-03 17:19:27.076015,0 days 00:00:02.534569,16,1,3,100,COMPLETE
394,394,7.585211088170357,2024-11-03 17:19:24.555641,2024-11-03 17:19:27.077236,0 days 00:00:02.521595,19,1,3,100,COMPLETE
395,395,7.585211088170357,2024-11-03 17:19:24.636512,2024-11-03 17:19:27.144616,0 days 00:00:02.508104,19,1,3,100,COMPLETE
396,396,7.585211088170357,2024-11-03 17:19:24.649164,2024-11-03 17:19:27.447063,0 days 00:00:02.797899,19,1,3,100,COMPLETE
397,397,7.585211088170357,2024-11-03 17:19:24.908980,2024-11-03 17:19:27.427878,0 days 00:00:02.518898,19,1,3,100,COMPLETE
398,398,7.605470991240286,2024-11-03 17:19:24.941393,2024-11-03 17:19:27.356814,0 days 00:00:02.415421,14,1,3,100,COMPLETE
399,399,7.53430327520504,2024-11-03 17:19:25.039814,2024-11-03 17:19:27.325141,0 days 00:00:02.285327,16,1,3,100,COMPLETE
